sequence	R_max	conc_at_Rmax_nM	n_enriched_concs	n_concs_measured	is_monotonic	high_confidence
UCCCCCGUGCCAAGUCAAUC	1.607006	1300	1	1	1	1
AUGAUCACGCCCCCUUUCCG	1.607006	1300	1	1	1	1
CAGAGUACCUCCCCCAACGC	1.607006	1300	1	1	1	1
GGCAGUACCCCCCAAAAUGC	1.607006	1300	1	1	1	1
CUCCCCCAUAAUUAGUUUCA	1.607006	1300	1	1	1	1
GUUAAUGUCUAACCCCCUAC	1.607006	1300	1	1	1	1
ACCCAAACCCCCGAUAGGCA	1.607006	1300	1	1	1	1
UCCCCCUGCGCAGCUAACUA	1.607006	1300	1	1	1	1
CCAGCUAGUCAGCCCCCACC	1.607006	1300	1	1	1	1
UCGAAUUUUGCCCCCCAUAU	1.607006	1300	1	1	1	1
CAUGUCCCCCAAAAACUUGU	1.607006	1300	1	1	1	1
AGAAUCCCCCUUGGGUACCU	1.607006	1300	1	1	1	1
AAUCCCCCUAUAUCUUUUGU	1.607006	1300	1	1	1	1
CCCCCAAUGCCUACCAUUCA	1.607006	1300	1	1	1	1
GAAAUAAUCCUCCCCCCAUU	1.607006	1300	1	1	1	1
UAAGGCCCCCGCAAAGGAGA	1.607006	1300	1	1	1	1
UAGGCUUAUAACCCCCGUGU	1.607006	1300	1	1	1	1
AGCGCAAUGAGUAACCCCCU	1.607006	1300	1	1	1	1
CUUACCCCUAUCCCCCAGGA	1.607006	1300	1	1	1	1
CGCGACAAUUCCCCCAAUUU	1.607006	1300	1	1	1	1
GUAAUAUCAGAUCCCCCUUA	1.607006	1300	1	1	1	1
GCUAUUCCCCCCUUAAAGCC	1.607006	1300	1	1	1	1
AUCAGGACCCCCAAAAAGGA	1.607006	1300	1	1	1	1
ACACUAACUACCCCCAGCUA	1.607006	1300	1	1	1	1
AAUAACCCCCAGAUCACUCU	1.607006	1300	1	1	1	1
AUCUCACCCCCGUUGACUCC	1.607006	1300	1	1	1	1
CCUCUGUGACCAUCGCCCCC	1.607006	1300	1	1	1	1
UGGAUACUUAAUCCUCCCCC	1.607006	1300	1	1	1	1
AAAACAAAAUGUCCCCCCCC	1.607006	1300	1	1	1	1
AGUACAGUGAACAAACCCCC	1.607006	1300	1	1	1	1
CAGGUUUAUCUCCCCCCGAA	1.607006	1300	1	1	1	1
CUCAAAACCCUUCCCCCCCU	1.607006	1300	1	1	1	1
AAGACAGGAGGUUCCCCCAU	1.607006	1300	1	1	1	1
UAACCCCCACCUCCUUAUAA	1.607006	1300	1	1	1	1
UAGAGAACCCCCGUUGUCGC	1.607006	1300	1	1	1	1
GAGAUAGCCCCCUAAAUGAA	1.607006	1300	1	1	1	1
GAACCCCCUAUGCAAGCGCC	1.607006	1300	1	1	1	1
CCCCCAGAAACAUUGGCCCA	1.607006	1300	1	1	1	1
CCCCCAAUAUAAGUUGCAUG	1.607006	1300	1	1	1	1
CCCCCCUAACUUUUUAAUGG	1.607006	1300	1	1	1	1
GGUGCCCAUAUGCCCCCCUA	1.607006	1300	1	1	1	1
CAGAAUCCCCCCUGCAUGCC	1.607006	1300	1	1	1	1
CGCAUUUUAAGACCCCCUGU	1.607006	1300	1	1	1	1
AGGCGUACGAAUACCCCCAG	1.607006	1300	1	1	1	1
ACCACAAACCCCCACUAAUC	1.607006	1300	1	1	1	1
AGGACCCCCACUACUAGGCU	1.607006	1300	1	1	1	1
AUCCACCCCCCUCACAUUAA	1.607006	1300	1	1	1	1
AUUUUAUUUCCUGGCCCCCA	1.607006	1300	1	1	1	1
UGCGGGCCCCCCAACUUCAU	1.607006	1300	1	1	1	1
CGAGAACACGCCCCCUAAAC	1.607006	1300	1	1	1	1
AGCCCCAAGCCCCCUAAGCG	1.607006	1300	1	1	1	1
AGUUCUUUCUAACCCCCCGG	1.607006	1300	1	1	1	1
GUGUGCCCCCUAUACUCAGG	1.607006	1300	1	1	1	1
GUACCCCCUUUUGGCAGUAA	1.607006	1300	1	1	1	1
CAAGGACCCCCCAUUGGUCA	1.607006	1300	1	1	1	1
CAACUCCAUGCCCCCUCUAU	1.607006	1300	1	1	1	1
CGAAAACAAAAACCCCCAUA	1.607006	1300	1	1	1	1
GUUGAAGCCUCAUGCCCCCC	1.607006	1300	1	1	1	1
UUAUUCAAACACCCCCAGAU	1.607006	1300	1	1	1	1
UCAACCACCCCCCGUGGGAA	1.607006	1300	1	1	1	1
GGCCCCCGACACUUUUUGCA	1.607006	1300	1	1	1	1
AGAGUAACAACUGUCCCCCU	1.607006	1300	1	1	1	1
UACCCCCUUACUUAAAAACG	1.607006	1300	1	1	1	1
AAGGGAAGAUACCCCCAGAU	1.607006	1300	1	1	1	1
CCUUAAACCCUCCCCCAGUA	1.607006	1300	1	1	1	1
CUCUAUACCACAACCCCCUC	1.607006	1300	1	1	1	1
GACUAACCCCCAGAUACCAC	1.607006	1300	1	1	1	1
UGGUAAUACCCCCUUCAACC	1.607006	1300	1	1	1	1
AUACUGACACUCCCCCCUUA	1.607006	1300	1	1	1	1
UGCCAAGUAGCCCCCUUCUU	1.607006	1300	1	1	1	1
ACAUAUUCUCCCCCGUCCCC	1.607006	1300	1	1	1	1
GGUUCUAGCUACGUCCCCCG	1.607006	1300	1	1	1	1
UAACACCCCCUACAAAUGAC	1.607006	1300	1	1	1	1
GAACCUUUGAACCCCCUCAA	1.607006	1300	1	1	1	1
GACUAAAGAGUGUCACCCCC	1.607006	1300	1	1	1	1
AGACACCACAAUCCCCCAGA	1.607006	1300	1	1	1	1
UUGCACCUCACCCCCAUCCU	1.607006	1300	1	1	1	1
AAAACGCGGACCCCCGUUAC	1.607006	1300	1	1	1	1
CAACACGUAAACAAACCCCC	1.607006	1300	1	1	1	1
UUUCCCCCUGAAACCCACUU	1.607006	1300	1	1	1	1
CUUAUACUCCCCCUUAAUAU	1.607006	1300	1	1	1	1
UGCUCAGUCCCCCCCUUUAC	1.607006	1300	1	1	1	1
UAAACCCCCGCUUGUAGUAC	1.607006	1300	1	1	1	1
AAACCCCCUCUCAAGCAAUA	1.607006	1300	1	1	1	1
GUUACAGACUACCAGCCCCC	1.607006	1300	1	1	1	1
AUACUCAGUCCCCCAUGGCC	1.607006	1300	1	1	1	1
GUUCAAACCCCCCGGCUCCA	1.607006	1300	1	1	1	1
CAAUUAACCCCCUUUCUUCU	1.607006	1300	1	1	1	1
AUACCCCCUCCUUUAUUUCG	1.607006	1300	1	1	1	1
CCUUGAACAAAAAUCCCCCU	1.607006	1300	1	1	1	1
UGACCACUCUCCCCCCUUGG	1.607006	1300	1	1	1	1
CGUCUAGUCCCCCAAUAACG	1.607006	1300	1	1	1	1
ACCUACUACCCCCGUAAGGA	1.607006	1300	1	1	1	1
CAGUAAAAGUAUUUUCCCCC	1.607006	1300	1	1	1	1
GAAAAUAGAUGCCCCCAACG	1.607006	1300	1	1	1	1
CAAUUCAUCCCCCCCGACGU	1.607006	1300	1	1	1	1
AUUAUGUACCCCCAAUUCAC	1.607006	1300	1	1	1	1
AUAGUACCCACCCCCUACGA	1.607006	1300	1	1	1	1
CACAGAUCCCCCCAGCCGGA	1.607006	1300	1	1	1	1
CCCCCAGGGAACAUAUAUCA	1.607006	1300	1	1	1	1
GCUAUAACCCCCUCGCUUCA	1.607006	1300	1	1	1	1
UACGUCCCCCAGCAGUUCUU	1.607006	1300	1	1	1	1
AGUCCCCCCAAAGCAAAGAA	1.607006	1300	1	1	1	1
AACCCGGUUGCCCCCGUAAA	1.607006	1300	1	1	1	1
AAGACCUAUCCCCCAGACCU	1.607006	1300	1	1	1	1
ACACGCCCCCAAUCGACUGC	1.607006	1300	1	1	1	1
CCUGUAAAUAAUACUCCCCC	1.607006	1300	1	1	1	1
AAGCACCCCCAACGCAGUAA	1.607006	1300	1	1	1	1
AGCGGAGGAAGACCCCCAAU	1.607006	1300	1	1	1	1
CCCCCACACAACUAAAGUAG	1.607006	1300	1	1	1	1
CUUCAUCACACCCCCCUAAC	1.607006	1300	1	1	1	1
CAAUCCCCCCAACCGAUCCA	1.607006	1300	1	1	1	1
AGAACAAAAUACCCCCUAAA	1.607006	1300	1	1	1	1
GUUUCCCCCUAAGUAAGUAC	1.607006	1300	1	1	1	1
CGUUAUAAUCAAUCCCCCGC	1.607006	1300	1	1	1	1
ACCAUUCCCCCAAAUGCGAU	1.607006	1300	1	1	1	1
GGAUCCCCCAGAGAGGGUAC	1.607006	1300	1	1	1	1
UUCUACUGACCCCCAGUGAC	1.607006	1300	1	1	1	1
GCGAUCCCCAACGCCCCCUA	1.607006	1300	1	1	1	1
CAGUCCCCCCAUGAGACAUA	1.607006	1300	1	1	1	1
ACUUGUGCGAUGACACCCCC	1.607006	1300	1	1	1	1
GCUAUUGAAUUCCCCCCAGU	1.607006	1300	1	1	1	1
ACGAAGAAAAAUCGACCCCC	1.607006	1300	1	1	1	1
UAAAGAUUCCCCCACCUGGC	1.607006	1300	1	1	1	1
AUUUGUGCCUCUCCCCCCAU	1.607006	1300	1	1	1	1
CUAUACUCACCCCCGAAACA	1.607006	1300	1	1	1	1
ACUACGAUAUCCCCCCGUAG	1.607006	1300	1	1	1	1
UACGCUCUCCCCCGCAGCGG	1.607006	1300	1	1	1	1
AAAGGUCCGACUAGCCCCCG	1.607006	1300	1	1	1	1
UGUACCCCCUUAUGCCAUGC	1.607006	1300	1	1	1	1
AUAGAAUCAGUACAGCCCCC	1.607006	1300	1	1	1	1
ACGUAAAUAAUUAAUCCCCC	1.607006	1300	1	1	1	1
AGCCCUCUUAACCCCCCCCA	1.607006	1300	1	1	1	1
CCCCCAUAUCCAGACAAAUU	1.607006	1300	1	1	1	1
GCUAAUAGGGACACCCCCAG	1.607006	1300	1	1	1	1
AUCGCACUGUUAUAACCCCC	1.607006	1300	1	1	1	1
CAAAAUUUAACCCCCAACCU	1.607006	1300	1	1	1	1
CAAAUCCCCCUAAUUUACAA	1.607006	1300	1	1	1	1
GAAACUAUGCCCCCAAUAAC	1.607006	1300	1	1	1	1
UGCUGCCCCCAACAAGAACA	1.607006	1300	1	1	1	1
AGUCCCCCAUACUAGGCCUC	1.607006	1300	1	1	1	1
AUGGAUCCAUUUUAACCCCC	1.607006	1300	1	1	1	1
GAACCUUCCCCCUACAGAGA	1.607006	1300	1	1	1	1
AUCUCUGUCACUACCCCCAA	1.607006	1300	1	1	1	1
AAAUUGCCAAAAUCUCCCCC	1.607006	1300	1	1	1	1
UGGAAUCAAGUCCCCCAAGU	1.607006	1300	1	1	1	1
AGGUAUUAAGGUGUCCCCCU	1.607006	1300	1	1	1	1
CGAUAUUAUCCCCCACUGUC	1.607006	1300	1	1	1	1
UGAUUUCCCCCGGAGUCUAC	1.607006	1300	1	1	1	1
UCACCCCCACUAGCGCUCAU	1.607006	1300	1	1	1	1
UGGGAGGCAAUCCGCCCCCA	1.607006	1300	1	1	1	1
UACUAAUACCCCCGCCGUUU	1.607006	1300	1	1	1	1
AAUUCACACCCCCCUAACUC	1.607006	1300	1	1	1	1
AAAUAGAAAAGCCCCCCUAU	1.607006	1300	1	1	1	1
GUUCAGGCUAACCCCCUUAC	1.607006	1300	1	1	1	1
AAUAUCUAAUAAAAGCCCCC	1.607006	1300	1	1	1	1
UACUCCCCCUGAUUACGAAC	1.607006	1300	1	1	1	1
CUUAUCACUAGCCCCCUAAA	1.607006	1300	1	1	1	1
CCUCUAGUAGGCGAUCCCCC	1.607006	1300	1	1	1	1
UUUACUUACAUACCCCCGGU	1.607006	1300	1	1	1	1
CAUUAAAAAAUACCCCCCAU	1.607006	1300	1	1	1	1
UACCCCCCACAUGCCCCGUG	1.607006	1300	1	1	1	1
ACAAUCCCCCAUAAGCUGUU	1.607006	1300	1	1	1	1
CCCACUCCCCCCACUAGUUG	1.607006	1300	1	1	1	1
AUACCACCCCCAAACGAAAA	1.607006	1300	1	1	1	1
AGCCCCCCAUACCAUAUCGC	1.607006	1300	1	1	1	1
UUCCCCCAAAAAGUAAACCC	1.607006	1300	1	1	1	1
ACUCCCCCACACCGUGAACU	1.607006	1300	1	1	1	1
AUAAGGUACCCCCUUUCUCC	1.607006	1300	1	1	1	1
AUACCUUCCUCCCCCACCAA	1.607006	1300	1	1	1	1
AAUGUUCCCCCCCGAGCGAC	1.607006	1300	1	1	1	1
UACCCCCUAUACAAAUUCGG	1.607006	1300	1	1	1	1
GACUAAAUGAAGACCCCCAA	1.607006	1300	1	1	1	1
CUUUUACUCCCCCCAGGUUA	1.607006	1300	1	1	1	1
CAUACGCUACCCCCCUCAUC	1.607006	1300	1	1	1	1
UAAUGCAUGCCCCCCCUCAU	1.607006	1300	1	1	1	1
AAAUUAUCCCCCUCACCCAU	1.607006	1300	1	1	1	1
UUCCCCCACAAUGCUAGCAA	1.607006	1300	1	1	1	1
GUCCCCCUCCAGUGCCAAGG	1.607006	1300	1	1	1	1
UCGGAUGUCCCCCUAGACGC	1.607006	1300	1	1	1	1
CCUAUCCCCCAUCAAAAAUU	1.607006	1300	1	1	1	1
UAUUCUUAAUACCCCCCCUU	1.607006	1300	1	1	1	1
GAAUGGUUAACACCCCCCGG	1.607006	1300	1	1	1	1
UAAAACCCCCAAUUAAGUUU	1.607006	1300	1	1	1	1
GUAGCGUCCGCAAUCCCCCU	1.607006	1300	1	1	1	1
GGCGUCAUGGUCUCCCCCGG	1.607006	1300	1	1	1	1
GGACCCCCAAGGUCUUAGGU	1.607006	1300	1	1	1	1
CCCUGCUCCCCCAAGUUCGU	1.607006	1300	1	1	1	1
CGGAGAAAACCCAUCCCCCC	1.607006	1300	1	1	1	1
UGGUGAUACCCCCAUCUUCG	1.607006	1300	1	1	1	1
CUGAACCCCCCGUACACAAG	1.607006	1300	1	1	1	1
GAUGUUGACCCCCAUGAAGC	1.607006	1300	1	1	1	1
CAUAUGUACGCCAGUCCCCC	1.607006	1300	1	1	1	1
GUGAGAAGUUUCCCCCAUCA	1.607006	1300	1	1	1	1
AGAAUAUAAUCACCCCCCAA	1.607006	1300	1	1	1	1
AGUCAAGCAUCCCCCAGAUA	1.607006	1300	1	1	1	1
CAGCCCCCCUCACAAUACAG	1.607006	1300	1	1	1	1
UUCCCCCUCCACAGAGAAGC	1.607006	1300	1	1	1	1
GCUUCCCCCAUCCUACACCA	1.607006	1300	1	1	1	1
UCGACUACCCCCCUGGAAUU	1.607006	1300	1	1	1	1
AUCAACCCCCGAGAGAAAAC	1.607006	1300	1	1	1	1
CCCCCAUUUACCUUUCAACU	1.607006	1300	1	1	1	1
CAACGUCCCCCGUUUUUCCA	1.607006	1300	1	1	1	1
GACUUACUCCCCCAUUAAAG	1.607006	1300	1	1	1	1
UAUGCGUCACCCCCAAACCG	1.607006	1300	1	1	1	1
UCAACACAUACCCCCCGAUU	1.607006	1300	1	1	1	1
UCUUAGCCCCCAAACAACGU	1.607006	1300	1	1	1	1
UAUCAGGAUCCCCCACUGGC	1.607006	1300	1	1	1	1
AUUCCCCCUCCAACCUGCAA	1.607006	1300	1	1	1	1
AUAAGCACCCCCAGGCGAGG	1.607006	1300	1	1	1	1
GCACCGUCUUUACCCCCCGU	1.607006	1300	1	1	1	1
AGGAAAAAAACCCCCAAGAC	1.607006	1300	1	1	1	1
GCCCCCUACGAGACAUAGCA	1.607006	1300	1	1	1	1
AGUAUAUUCCCCCAGAUCGA	1.607006	1300	1	1	1	1
ACUACACGACUCCCCCACUA	1.607006	1300	1	1	1	1
AAAGACCCCCAAACUUCUCG	1.607006	1300	1	1	1	1
AAUAAACGCCCCCAUGUUAA	1.607006	1300	1	1	1	1
ACGUACCCCCAAAUACCCGC	1.607006	1300	1	1	1	1
CUUACACCCCUCCCCCGAUU	1.607006	1300	1	1	1	1
ACAGACGUACACCCCCUUGG	1.607006	1300	1	1	1	1
UGAUCUUACACUAGCCCCCA	1.607006	1300	1	1	1	1
AUGAACUAGCCCCCUGGAUA	1.607006	1300	1	1	1	1
GGCGAUCCUUACCCCCUACA	1.607006	1300	1	1	1	1
GCCGAUCCGUCAGCCCCCCU	1.607006	1300	1	1	1	1
AUCCCCCAGUGAAGUAGAAU	1.607006	1300	1	1	1	1
AUAUACCCCCAGAGUUAAAC	1.607006	1300	1	1	1	1
GAACACCCCCUAGCAUAACU	1.607006	1300	1	1	1	1
UGAGCCCCCUUUGACAUCAA	1.607006	1300	1	1	1	1
AUCCCCCGUUAAUACACAAC	1.607006	1300	1	1	1	1
UACCUUACCCCCUUGUUACC	1.607006	1300	1	1	1	1
CGCUCCCCCUGGUAACCGUG	1.607006	1300	1	1	1	1
CAGUAGCAUUAACCCCCUCG	1.607006	1300	1	1	1	1
AGAACCCCCUAUUAAAUCAG	1.607006	1300	1	1	1	1
GACACGCAUCCCCCGUUACA	1.607006	1300	1	1	1	1
UACCUAAUAGUGUAACCCCC	1.607006	1300	1	1	1	1
UACUGUAAAUAUUUGCCCCC	1.607006	1300	1	1	1	1
AAUUAAACCCCCUAGUGGUC	1.607006	1300	1	1	1	1
AAGCUAUGACCCCCACUGCA	1.607006	1300	1	1	1	1
AAUACGGACCCAAACCCCCG	1.607006	1300	1	1	1	1
AUCGCACUCUCCCCCCAGCA	1.607006	1300	1	1	1	1
AGUACCCCCUUGUGAAAGAC	1.607006	1300	1	1	1	1
GGUGUGGACAAGACCCCCCA	1.607006	1300	1	1	1	1
GUUUCGUUAACAGUCCCCCA	1.607006	1300	1	1	1	1
AUUAACCCCCACACUGCUAU	1.607006	1300	1	1	1	1
UCAUGGUAAAAACCGCCCCC	1.607006	1300	1	1	1	1
AAAAUGUCUUCUCCCCCUAA	1.607006	1300	1	1	1	1
GCGUCCCCCAACAAACUCAU	1.607006	1300	1	1	1	1
UUAGUUGUUUCCCCCCACUU	1.607006	1300	1	1	1	1
CGAAGCCCCCCAUUAGGGAC	1.607006	1300	1	1	1	1
AAAAUAAGCCCCCCGUAAGA	1.607006	1300	1	1	1	1
AAUAUCACUUCCCCCUGGCU	1.607006	1300	1	1	1	1
AAAUAAAGUUUCCCCCAAAU	1.607006	1300	1	1	1	1
UAAAGCAAUACCCCCACAUA	1.607006	1300	1	1	1	1
GAUUUCGGCCCCCACAUUCA	1.607006	1300	1	1	1	1
UCCAUGCAGAAGCAACCCCC	1.607006	1300	1	1	1	1
UGCCCCCAAAUUGAAGUUAA	1.607006	1300	1	1	1	1
UACCGAAAUAAUGCCCCCCG	1.607006	1300	1	1	1	1
GUGACAAAACCCCCGACCAU	1.607006	1300	1	1	1	1
UACGGCCUGUACUCCCCCGA	1.607006	1300	1	1	1	1
AUAUUCCCCCCCUUAAAUAA	1.607006	1300	1	1	1	1
UAAAUCCCCCCCGCGCAAAA	1.607006	1300	1	1	1	1
AAACAGUAUAUUACCCCCCG	1.607006	1300	1	1	1	1
GUUGGUAAAUCCCCCCUAAA	1.607006	1300	1	1	1	1
CCCCCGUUAGCUGACGUCGC	1.607006	1300	1	1	1	1
UCUUAUACCCCCAAUCUCAU	1.607006	1300	1	1	1	1
AUUGCUGCACCCCCCAUCUC	1.607006	1300	1	1	1	1
GAAGACCCCCCACAACUACC	1.607006	1300	1	1	1	1
GGUCCCUCAGUCAAGCCCCC	1.607006	1300	1	1	1	1
CAUAGAAAAACUGCCCCCAA	1.607006	1300	1	1	1	1
ACUUAAAUUGAGAUACCCCC	1.607006	1300	1	1	1	1
ACUCAUUACGCCCCCACGGA	1.607006	1300	1	1	1	1
AGUGUGAACCCCCCAUUAUA	1.607006	1300	1	1	1	1
CUCCCCCGAUACGGCCGAAC	1.607006	1300	1	1	1	1
CGAGGACCCCCUUAAUAAAU	1.607006	1300	1	1	1	1
GAAACCCCCUAUCGCGCAAU	1.607006	1300	1	1	1	1
AGGACCCUUCCCUGACCCCC	1.607006	1300	1	1	1	1
GUCUUAAACUGGAGUCCCCC	1.607006	1300	1	1	1	1
GUAUUGCCCCCGUCAUAAAC	1.607006	1300	1	1	1	1
UGACCCCCCUAAUCCAUCUA	1.607006	1300	1	1	1	1
GCCCCCAUUAAAAAGAAAAU	1.607006	1300	1	1	1	1
UGCCCCCAUUACUUGUUCAC	1.607006	1300	1	1	1	1
AUCCCCCAUGUCUGACUUCG	1.607006	1300	1	1	1	1
GAUACAGCUUAACCCCCCGU	1.607006	1300	1	1	1	1
UACUCUACCCCCUCCCUCUA	1.607006	1300	1	1	1	1
AUCGCGAUUACCCCCCUGCU	1.607006	1300	1	1	1	1
GAUGACGCCCCCACUUGCUA	1.607006	1300	1	1	1	1
CCUUCCCCCUAGUUAAUUGC	1.607006	1300	1	1	1	1
GUAACCCCCGCCUGUAUCGC	1.607006	1300	1	1	1	1
ACGUGACUCUGCGUUCCCCC	1.607006	1300	1	1	1	1
AACGUACCCCCUCUAAAACC	1.607006	1300	1	1	1	1
CCCCCAUCUCAACAGUAGAC	1.607006	1300	1	1	1	1
AUUCCCCCCAUAUCCUGUGC	1.607006	1300	1	1	1	1
UCCCCCGCUAAAUUAUAACU	1.607006	1300	1	1	1	1
UUGCGGAACCAUACCCCCAC	1.607006	1300	1	1	1	1
GAUUCCCCCCCAAGAUGAAA	1.607006	1300	1	1	1	1
ACUCAUCUUUACCCCCCGUC	1.607006	1300	1	1	1	1
UCGCCCCCCGAACACGCAGU	1.607006	1300	1	1	1	1
UCUUUAGUCCCCCAAAUCGU	1.607006	1300	1	1	1	1
AGAUUGCCCCCCUAAGGGUA	1.607006	1300	1	1	1	1
CACAAGAUGCCCCCGUGCGC	1.607006	1300	1	1	1	1
CAACCGAUCACCAGCCCCCG	1.607006	1300	1	1	1	1
CUGACGCCCCCAGAAAACAG	1.607006	1300	1	1	1	1
UUGGACCCCCAUUCCGAAAU	1.607006	1300	1	1	1	1
GCUAUUCCCCCUACGGUAAC	1.607006	1300	1	1	1	1
UACUCCGCUGAUCCCCCAGC	1.607006	1300	1	1	1	1
AUUUAACCAUAUAAACCCCC	1.607006	1300	1	1	1	1
UUUCUAUAAGCCCCCAUCAA	1.607006	1300	1	1	1	1
UGAAUACCCCCUAUAAUGCA	1.607006	1300	1	1	1	1
CCCCCUCAAAACGUUUUUAC	1.607006	1300	1	1	1	1
UACACCAGCAUCCCCCUGAC	1.607006	1300	1	1	1	1
AUGCCCCCAAAAUCAUAGGG	1.607006	1300	1	1	1	1
AGGACUAAUCCCCCGAGUUG	1.607006	1300	1	1	1	1
AAUUUCCCCCAGCUUCAAUA	1.607006	1300	1	1	1	1
CCCCCUUUUUCAUAAUACCG	1.607006	1300	1	1	1	1
CUAACCCCCUGUGUCUAUAC	1.607006	1300	1	1	1	1
CAUUGAUCCCCCCCCAAUAA	1.607006	1300	1	1	1	1
AAGCUCGCCUACCCCCAAAU	1.607006	1300	1	1	1	1
AUCAUCCCCCUUGUGAAUAC	1.607006	1300	1	1	1	1
GUCUAGCCCCCUGACAACUG	1.607006	1300	1	1	1	1
CAACCCCCCUGCGUGAUAUA	1.607006	1300	1	1	1	1
UAUCCCCCCACUAUCUUAAA	1.607006	1300	1	1	1	1
AAUGUAUGCAAACCCCCCCA	1.607006	1300	1	1	1	1
CCAGAUGAUGCUGGCCCCCU	1.607006	1300	1	1	1	1
CCGGUAAUUACCCCCCUCAA	1.607006	1300	1	1	1	1
CAUUGUGAUCAAUCCCCCGA	1.607006	1300	1	1	1	1
ACAACUCACCCCCCGAAAAC	1.607006	1300	1	1	1	1
AAUCCCCCCUCGAAGCGUUG	1.607006	1300	1	1	1	1
AAGAGAUCCCCUACCCCCCC	1.607006	1300	1	1	1	1
UGACGGUUGAUUUGCCCCCG	1.607006	1300	1	1	1	1
ACUACACCGACUACACCCCC	1.607006	1300	1	1	1	1
GGAUAGUUCUCCCCCCCUCU	1.607006	1300	1	1	1	1
GGUACCCCCCAACAGCGCAG	1.607006	1300	1	1	1	1
AAUACACCUGGCUCCCCCCA	1.607006	1300	1	1	1	1
UUAAUCGCCUAUGUUCCCCC	1.607006	1300	1	1	1	1
GUGGACCCGCCCCCCUACUA	1.607006	1300	1	1	1	1
UGGACAGGUAUUCACCCCCA	1.607006	1300	1	1	1	1
ACACCCCCUCAAAACACUAC	1.607006	1300	1	1	1	1
ACGAUCCCCCUCCGGUACAG	1.607006	1300	1	1	1	1
UAGACCCCCACCAGAUAAAU	1.607006	1300	1	1	1	1
UCAUACUCCCCCAUUUAUAC	1.607006	1300	1	1	1	1
GUGGCCGUAAAUCCCCCUGG	1.607006	1300	1	1	1	1
AUUACUACCCCCUAACUCCG	1.607006	1300	1	1	1	1
AACCCCCCUAGGUCCACGUC	1.607006	1300	1	1	1	1
GCUAUACCCCCAUUGGUUGA	1.607006	1300	1	1	1	1
AUGCCCCCUGGAAGCGGAAG	1.607006	1300	1	1	1	1
GAACUUAAUCUACCCCCUAA	1.607006	1300	1	1	1	1
CAUAAAUGCCCCCAACAUGU	1.607006	1300	1	1	1	1
AAAAUCCCCCUAUACAAAUU	1.607006	1300	1	1	1	1
UGCCCCCCGUCAACCUGAUC	1.607006	1300	1	1	1	1
CAGAAAUCUCCCCCAACCAU	1.607006	1300	1	1	1	1
GGACUCCUAAGCCCCCAUCU	1.607006	1300	1	1	1	1
UGGUGCCCCCCAUAACGAAC	1.607006	1300	1	1	1	1
ACCGGUAAUUCACCCCCCAU	1.607006	1300	1	1	1	1
AUGAACUGUUGCCCCCAUGU	1.607006	1300	1	1	1	1
UCGAGAGGUUAAAAACCCCC	1.607006	1300	1	1	1	1
AAGAAGCUAUUACCCCCACA	1.607006	1300	1	1	1	1
CUUCCUACCCCCUGACUACA	1.607006	1300	1	1	1	1
GGAUGCCCCCGAGGUAAGUC	1.607006	1300	1	1	1	1
UACUCCCCCUAGAUACUUAC	1.607006	1300	1	1	1	1
UGAGGUUUCCCCCGUUGGAU	1.607006	1300	1	1	1	1
AGUUGUACAAUUCAGCCCCC	1.607006	1300	1	1	1	1
AGGGUUAAGAACGCCCCCGG	1.607006	1300	1	1	1	1
UCGUAAGAAUCACCCCCAAA	1.607006	1300	1	1	1	1
AAAUAGAAUGAUACCCCCAU	1.607006	1300	1	1	1	1
AUUGAACCCCCACACGGUUG	1.607006	1300	1	1	1	1
CUAGGUCCGCAGCCCCCUGG	1.607006	1300	1	1	1	1
AUACCCCCGCUGUGAAAAAC	1.607006	1300	1	1	1	1
GCUAUCCCCCAUACGACCCU	1.607006	1300	1	1	1	1
CUACCCCCAUAUAGAUGACU	1.607006	1300	1	1	1	1
ACAUAUAUUUUCCCCCAUAG	1.607006	1300	1	1	1	1
GAAUAGUCCCCCCAGCUAUG	1.607006	1300	1	1	1	1
AGUCCCCCAAGAGGACCCAA	1.607006	1300	1	1	1	1
UUUAAAGACCCCCGUGACAU	1.607006	1300	1	1	1	1
UUAAUUCUGGAUCCCCCCCU	1.607006	1300	1	1	1	1
UCAAGGACCCCCAAUACAAC	1.607006	1300	1	1	1	1
GACACUUCCCCCCCACGUGA	1.607006	1300	1	1	1	1
CAAUGCAAAACUCGCCCCCU	1.607006	1300	1	1	1	1
AUUUUCCUAGCCCCCUUUCC	1.607006	1300	1	1	1	1
CAUGACGCUUCCCCCUCUUA	1.607006	1300	1	1	1	1
CAAAUCCCCCUGAUGAAAUC	1.607006	1300	1	1	1	1
CAAUUCUUCCCCCCAAACAA	1.607006	1300	1	1	1	1
GCAGAGAUACCCCCAAUAGG	1.607006	1300	1	1	1	1
ACUACCCCCGUCCUAACGAU	1.607006	1300	1	1	1	1
CCACGCCCCCAAAAUCUACG	1.607006	1300	1	1	1	1
AUAACCCCCGUGAACACGGC	1.607006	1300	1	1	1	1
ACACAAUUACCCCCAAAGGA	1.607006	1300	1	1	1	1
UGGUGACCCCCCUACAGAAA	1.607006	1300	1	1	1	1
CGAUGGCUCAAGCCCCCUAA	1.607006	1300	1	1	1	1
CACUAAGAUGGCCCCCUUUC	1.607006	1300	1	1	1	1
CUCGCCCCCAAACUGAAAGU	1.607006	1300	1	1	1	1
UACUUUAAUAGCCCCCACAA	1.607006	1300	1	1	1	1
UGCUUGAAGUUGCUCCCCCG	1.607006	1300	1	1	1	1
ACCGCAUAACCCCCACGACA	1.607006	1300	1	1	1	1
ACCCCCGAGUGGAGUAAAAU	1.607006	1300	1	1	1	1
AGCAAUUUCAUCCCCCGGAC	1.607006	1300	1	1	1	1
UCCUCCCCCCAUAUGAGCCC	1.607006	1300	1	1	1	1
CACCCAGAUACCCCCAUGUC	1.607006	1300	1	1	1	1
AACUACGACCCCCCCAAACG	1.607006	1300	1	1	1	1
UAACCCCCAUGGCCUGUGGU	1.607006	1300	1	1	1	1
AUCAAUACGAUCCCCCGCCC	1.607006	1300	1	1	1	1
GACCCCCAUAUAAUCUACAU	1.607006	1300	1	1	1	1
GCCAUAACAGGACCCCCAAU	1.607006	1300	1	1	1	1
AAAAAAGGCUAUCCCCCUAG	1.607006	1300	1	1	1	1
CAGGGACGUUUCACCCCCGA	1.607006	1300	1	1	1	1
AACCCCCUAGGAAUUGAUUC	1.607006	1300	1	1	1	1
CACAACACUCCCCCUUUUAU	1.607006	1300	1	1	1	1
UAGAAGCGAAAACCCCCUCU	1.607006	1300	1	1	1	1
AGACCCCCAAUACAUAGGGU	1.607006	1300	1	1	1	1
CCCAAUGCCUCAAUCCCCCA	1.607006	1300	1	1	1	1
AACUCCCCCGCCCCUGGUAG	1.607006	1300	1	1	1	1
AACCCCCGGUUACCUGCGCA	1.607006	1300	1	1	1	1
GCGUGUCCCCCUUGCCGUUA	1.607006	1300	1	1	1	1
UACGCAUACCCCCAUCUGUC	1.607006	1300	1	1	1	1
ACAUAAAAAGCCCCCAUAAA	1.607006	1300	1	1	1	1
CCACAUUCCCCCGAUUGAUA	1.607006	1300	1	1	1	1
CUACCCCCUAGAAUUAACUG	1.607006	1300	1	1	1	1
GUGAUUAUCUCCCCCACGGG	1.607006	1300	1	1	1	1
CUAAUUUCACGUUAUCCCCC	1.607006	1300	1	1	1	1
GGAAUCCUUUUUCCCCCCAU	1.607006	1300	1	1	1	1
GCCUACAUUUUAUCCCCCAU	1.607006	1300	1	1	1	1
UCAAUAUCCCCCUUGUUACC	1.607006	1300	1	1	1	1
UUUUCUAAUAACCCCCAAGC	1.607006	1300	1	1	1	1
UCAGCCGCCAUUGCCCCCUG	1.607006	1300	1	1	1	1
GCCCCCGGUACGAUACAGAU	1.607006	1300	1	1	1	1
UUGUAAAUGCACCACCCCCU	1.607006	1300	1	1	1	1
CCGACCCCCAGUAAAUUAUG	1.607006	1300	1	1	1	1
AAAAAGUUUCCCCCAUAUCU	1.607006	1300	1	1	1	1
CGCAAUGUACCCCCAAACGC	1.607006	1300	1	1	1	1
GUCUAACUACCCCCAAUCUU	1.607006	1300	1	1	1	1
AAAGACCGAUGUUCCCCCUA	1.607006	1300	1	1	1	1
AACUCAUUUAACCCCCUAGC	1.607006	1300	1	1	1	1
CACUGUCUGCCCCCGUGAUA	1.607006	1300	1	1	1	1
ACCUAUCCCCCGCACUCUAU	1.607006	1300	1	1	1	1
UUUCUCCCCCUAUGGAGAUC	1.607006	1300	1	1	1	1
GCCCCCAACCCAUUGCAUAU	1.607006	1300	1	1	1	1
CAGCCCCCACGUCCGGUGAU	1.607006	1300	1	1	1	1
UAUACGCACUCUGCGCCCCC	1.607006	1300	1	1	1	1
GUCCCCCACAUUACCAUUUU	1.607006	1300	1	1	1	1
AUGAACCCCCUAGUACUCUA	1.607006	1300	1	1	1	1
GCGCCCCCCAAUCGACCAAG	1.607006	1300	1	1	1	1
GAUUACUCGAGUUCCCCCAA	1.607006	1300	1	1	1	1
GUACAGAUGACGUACCCCCC	1.607006	1300	1	1	1	1
AGAUUUUAGAUGUCCCCCAU	1.607006	1300	1	1	1	1
CGUACUUAACAUCCCCCACG	1.607006	1300	1	1	1	1
UUAAACCCCCUCAGUUCAAG	1.607006	1300	1	1	1	1
UAUAUGAAACCCCCUCUCGC	1.607006	1300	1	1	1	1
GAAAUAGGCCAGGAUCCCCC	1.607006	1300	1	1	1	1
AGGAUAUUGCCCCCGUUAAU	1.607006	1300	1	1	1	1
UUAUAAAGGCUAGCCCCCAC	1.607006	1300	1	1	1	1
UUCUCACCCCCUAGAACCCU	1.607006	1300	1	1	1	1
CCCCCGAAACGCGCACCAUC	1.607006	1300	1	1	1	1
GUUAGGGCUUCCCCCACAAA	1.607006	1300	1	1	1	1
CUUAUCCCCCAAAGUAUGCA	1.607006	1300	1	1	1	1
GAUAACGCCCCCCACCUAGA	1.607006	1300	1	1	1	1
CUAUACCCCCAGCAUAUGCC	1.607006	1300	1	1	1	1
AUCACGAUAUUAGCCCCCAA	1.607006	1300	1	1	1	1
CUUCUUCCUAUACGCCCCCG	1.607006	1300	1	1	1	1
CAACAUGUCCCCCUAAUGAU	1.607006	1300	1	1	1	1
CGAUACCCCCCCCGAAAACC	1.607006	1300	1	1	1	1
GAUUAAAUGCCCCCAUCCUU	1.607006	1300	1	1	1	1
AUGCAUUGAAGCUCCCCCUA	1.607006	1300	1	1	1	1
AGUCUGCCCCCCUCCCAUAU	1.607006	1300	1	1	1	1
CUUCAAUUGCCCCCAUCACG	1.607006	1300	1	1	1	1
CCCCCACAUGCAAAACAGGA	1.607006	1300	1	1	1	1
UGGAAAGUUAUUAUCCCCCC	1.607006	1300	1	1	1	1
UACUUAUCCCCCCGGGUUUG	1.607006	1300	1	1	1	1
AACUAUACCCCCAGUAGAAA	1.607006	1300	1	1	1	1
CCAUAAUUUGUCAACCCCCU	1.607006	1300	1	1	1	1
CAAAGGCCCCCUAUAUAGUG	1.607006	1300	1	1	1	1
CCCCCGUUAACCCCAUCCAA	1.607006	1300	1	1	1	1
CGUCAUCUCCCCCUGUUAGC	1.607006	1300	1	1	1	1
CAAUUUUCGACCCCCUCGCA	1.607006	1300	1	1	1	1
CUUACGCAACCCCCUACACC	1.607006	1300	1	1	1	1
CACUUACCCCCAAAUUGCAC	1.607006	1300	1	1	1	1
UGUUAUGAAACCCCCCUAAA	1.607006	1300	1	1	1	1
GAAAAUACUGCCCCCUUAAU	1.607006	1300	1	1	1	1
CCUAGUAACACCCCCAUGUG	1.607006	1300	1	1	1	1
AACUCGGAGCCCUCCCCCAA	1.607006	1300	1	1	1	1
AAAGCCCCCAAUCUCCUCUU	1.607006	1300	1	1	1	1
ACAACUACGCCCCCAUCACA	1.607006	1300	1	1	1	1
GUCUUGCCCCCGGUAGUACU	1.607006	1300	1	1	1	1
GACCUCCCCCUGCAUUAGAC	1.607006	1300	1	1	1	1
ACCCCCACUUAUAGCAGAUA	1.607006	1300	1	1	1	1
AGAGCCCCCAAGGCCAAAUA	1.607006	1300	1	1	1	1
UAUUACUAGAAACCCCCCUC	1.607006	1300	1	1	1	1
ACAUGUCCCCCAGGAAGUGU	1.607006	1300	1	1	1	1
GCUAUUUACUAAUCCCCCAC	1.607006	1300	1	1	1	1
CAACUCAACGUUUUCCCCCA	1.607006	1300	1	1	1	1
GCUUACAACGCUGUCCCCCA	1.607006	1300	1	1	1	1
AUAAUAGUCUUAACCCCCAA	1.607006	1300	1	1	1	1
AAUACUCGAAACCCCCGUCC	1.607006	1300	1	1	1	1
GGUUGCUGAUGUCCCCCAUC	1.607006	1300	1	1	1	1
CUAUAUCCCCCAGUUAAGAC	1.607006	1300	1	1	1	1
AAACCCCCAAGCUAGCAAUC	1.607006	1300	1	1	1	1
UACUCCCCCGGGUACUGAUA	1.607006	1300	1	1	1	1
CUAUAUACUCUAACCCCCUG	1.607006	1300	1	1	1	1
CACAGGAAACGCUCCCCCGU	1.607006	1300	1	1	1	1
CCAAACAUCACCCCCACGUC	1.607006	1300	1	1	1	1
CACUAGAUUUUCAUGCCCCC	1.607006	1300	1	1	1	1
UUAUUGUCCCCCUUAGCAAG	1.607006	1300	1	1	1	1
CCUUCGUUACACGUGCCCCC	1.607006	1300	1	1	1	1
GUUAACUAGCUUUUGCCCCC	1.607006	1300	1	1	1	1
GUUACCUCCCCCCACCUAAU	1.607006	1300	1	1	1	1
GACCCCCAAAGACCCAGACA	1.607006	1300	1	1	1	1
AGACCCCCUUCAGUUCCUGC	1.607006	1300	1	1	1	1
CUUUCAUACCCCCUCAGCCC	1.607006	1300	1	1	1	1
UCAGCUUGUCCCCCCCACGC	1.607006	1300	1	1	1	1
UUACUAUCGAGACCCCCGGA	1.607006	1300	1	1	1	1
AAUAAAUCCCCCAAGAGAUG	1.607006	1300	1	1	1	1
CGUUUGGAAGUUCUACCCCC	1.607006	1300	1	1	1	1
UAAAACUUCUGAUUACCCCC	1.607006	1300	1	1	1	1
GGCCACCAUAACCCCCCGUU	1.607006	1300	1	1	1	1
AAUACUGACUCCCCCCCAUA	1.607006	1300	1	1	1	1
AUAAUGCUACCCCCCGAACA	1.607006	1300	1	1	1	1
UUUCUCCCCCCUUAGCAGUU	1.607006	1300	1	1	1	1
CAUGGGCAGGUUAAACCCCC	1.607006	1300	1	1	1	1
AUACGCAGGCCCCCCCUACG	1.607006	1300	1	1	1	1
GAAUUAUUAUCCACCCCCUU	1.607006	1300	1	1	1	1
CUUCUAAUAGCGUAACCCCC	1.607006	1300	1	1	1	1
AAAGACUAGACUCCGCCCCC	1.607006	1300	1	1	1	1
GCUGAGCCCCCUAAGUCGAU	1.607006	1300	1	1	1	1
GACAUUGUCACCCCCCUAGA	1.607006	1300	1	1	1	1
ACAAAUUCCAUCCCCCAUAU	1.607006	1300	1	1	1	1
UAAUCAAGCCCCCAUAUAAC	1.607006	1300	1	1	1	1
AGAGCCCCCAGUAUAAUCUA	1.607006	1300	1	1	1	1
CUCCCCCCGAACGGGUAUCG	1.607006	1300	1	1	1	1
ACCCCCAUUAUAUUGGUUUA	1.607006	1300	1	1	1	1
CGGUCACAUUAACCCCCGGC	1.607006	1300	1	1	1	1
UGCCCCCAAACUCUGUAUGG	1.607006	1300	1	1	1	1
UGAGACAUCCCCCCGAAGAU	1.607006	1300	1	1	1	1
CCGUUUUUCCCUCCCCCGAU	1.607006	1300	1	1	1	1
AGACUCAGAAACCCCCACGC	1.607006	1300	1	1	1	1
AUAAUAUUUUCUCCCCCCGG	1.607006	1300	1	1	1	1
GUUCCCCCAGACGAAUGACU	1.607006	1300	1	1	1	1
AAGCAAACCCCCUCAGGACC	1.607006	1300	1	1	1	1
GAUGUCCCCCCAGGUGCACA	1.607006	1300	1	1	1	1
GCGACAACUUGCCCCCGAAA	1.607006	1300	1	1	1	1
GUGUCCCCCUAUCCAUAACU	1.607006	1300	1	1	1	1
CAUUGGCCGGCCCCCUUUUA	1.607006	1300	1	1	1	1
CUUAUUAAAAACCCCCGUGC	1.607006	1300	1	1	1	1
CGGCAUAUGCCCCCAAAAUA	1.607006	1300	1	1	1	1
UUGGGCCUACCCCCAUUCGU	1.607006	1300	1	1	1	1
CUUAUGGUUUCGCGCCCCCC	1.607006	1300	1	1	1	1
ACGUCCCCCAUAGGCGAUCC	1.607006	1300	1	1	1	1
AACAGACUAAGGUUCCCCCG	1.607006	1300	1	1	1	1
AGGCCUAGAUGCGUACCCCC	1.607006	1300	1	1	1	1
UUUUCCAUCAAACCCCCACU	1.607006	1300	1	1	1	1
ACUUGGACCACCCCCGAGUU	1.607006	1300	1	1	1	1
GAUAACCCCCGGAUACUUGU	1.607006	1300	1	1	1	1
AAAUUAAUCUCCCCCUGCAG	1.607006	1300	1	1	1	1
AAGAGAGCUAGUCCCCCAGC	1.607006	1300	1	1	1	1
UCCCCCGGGCGUGAACAGUC	1.607006	1300	1	1	1	1
CUGCCCCCAGCGUCCUAAUC	1.607006	1300	1	1	1	1
CGUUACCCCCCCAAGGCGUA	1.607006	1300	1	1	1	1
UGGACCAAAAUCUCCCCCGA	1.607006	1300	1	1	1	1
GAGCAUUGACUUAGGCCCCC	1.607006	1300	1	1	1	1
CCCCCUGCAGCGAACGAAGC	1.607006	1300	1	1	1	1
AUGCCCCCUAACAUCAUGCA	1.607006	1300	1	1	1	1
CGCCCCCGUGACCCUAACUA	1.607006	1300	1	1	1	1
AAUGCCCCCGGUGAAGUUCA	1.607006	1300	1	1	1	1
AGAUGCACUAAACCCCCGCA	1.607006	1300	1	1	1	1
UAUACCCCCAAGCAUAAGGU	1.607006	1300	1	1	1	1
CUUAAAUAACUUUUCCCCCG	1.607006	1300	1	1	1	1
GUUCCCCCACAAUGUGCGUA	1.607006	1300	1	1	1	1
CACGUUCCAAUCCCCCCCUC	1.607006	1300	1	1	1	1
ACUUGAUAGUACCCCCUCAA	1.607006	1300	1	1	1	1
AUGCCCCCUGUGACAUUAGU	1.607006	1300	1	1	1	1
UAUACUUAGGAAAAGCCCCC	1.607006	1300	1	1	1	1
GGGAAUCCCCCUAUCGCUGG	1.607006	1300	1	1	1	1
UCCCCCGUUACUCAUGCUCA	1.607006	1300	1	1	1	1
UAAAGAUAAACACCCCCCGG	1.607006	1300	1	1	1	1
UAUGCCACCCCCGAUUCCAU	1.607006	1300	1	1	1	1
GGCCAUAUGAUCUUCCCCCA	1.607006	1300	1	1	1	1
UGUGGAUCCCCCGCCAAGCA	1.607006	1300	1	1	1	1
GCCCCCAGUAAUGAAUUACA	1.607006	1300	1	1	1	1
GAUUAGGCGUCCCCCCCACC	1.607006	1300	1	1	1	1
AUUGUAUACAACACCCCCCC	1.607006	1300	1	1	1	1
CCUGUAACAUCCCCCUUUUA	1.607006	1300	1	1	1	1
CUAGAACACCCCCGGAAAUG	1.607006	1300	1	1	1	1
GCUUACGAUACCCCCAUGAU	1.607006	1300	1	1	1	1
CUCAAGCUCGCCCCCAUCUU	1.607006	1300	1	1	1	1
CUACCCCCGACUCAUAUAGA	1.607006	1300	1	1	1	1
AGCUAUAGUUUUUCCCCCGU	1.607006	1300	1	1	1	1
GCAUGACGGAGCCCCCGUUA	1.607006	1300	1	1	1	1
AUUCUCAUAGACCACCCCCA	1.607006	1300	1	1	1	1
GUAAAACCCCCCUAAUAUAU	1.607006	1300	1	1	1	1
UAACUUGUUCACUUCCCCCG	1.607006	1300	1	1	1	1
UAUGAUCCCCCUCUGUCGUA	1.607006	1300	1	1	1	1
AUAGACCCCCCAGGGCACCA	1.607006	1300	1	1	1	1
CAAGUGUACUACGGUCCCCC	1.607006	1300	1	1	1	1
CCCAGUCUUGCUCCCCCACC	1.607006	1300	1	1	1	1
ACAUACACUAUACAGCCCCC	1.607006	1300	1	1	1	1
CCCCCAGCCAACAUUUACCC	1.607006	1300	1	1	1	1
AUGAAUAGGAUAUUUCCCCC	1.607006	1300	1	1	1	1
CACUUCCCGCCUAGCCCCCA	1.607006	1300	1	1	1	1
AUGUCCCCCUUACAAUUGAU	1.607006	1300	1	1	1	1
GCGUUUAUACCCCCAAAGAU	1.607006	1300	1	1	1	1
AGCAGCCCCCUUACGCUAAA	1.607006	1300	1	1	1	1
GAGUGUAGGGACCCCCCUAA	1.607006	1300	1	1	1	1
CCAGUUAUUUCUCCCCCUAU	1.607006	1300	1	1	1	1
ACCCCCUUCCCAAGCCACAA	1.607006	1300	1	1	1	1
AAUCCCCCAACUGAGGCCAC	1.607006	1300	1	1	1	1
AAUACACGGUCCUCCCCCGG	1.607006	1300	1	1	1	1
GCCGUAUCCCCCCCAUCGAA	1.607006	1300	1	1	1	1
AUUCCCUCCCCCCUACAAAG	1.607006	1300	1	1	1	1
AACCACAUGACCCCCAAUUA	1.607006	1300	1	1	1	1
UAUGACCAGUCACUCCCCCA	1.607006	1300	1	1	1	1
UACUUGAUAUAAUCCCCCUC	1.607006	1300	1	1	1	1
CAGGCCCAGCUUCCCCCGUG	1.607006	1300	1	1	1	1
UUAUAAGACAUAUCCCCCUC	1.607006	1300	1	1	1	1
CAACACACCACCCAUCCCCC	1.607006	1300	1	1	1	1
CCCCCCAAAGCCUAAAUACG	1.607006	1300	1	1	1	1
UUGCGUGUCCCCCUGUGCAC	1.607006	1300	1	1	1	1
CUGCCCCCUUCGUGCGGGUA	1.607006	1300	1	1	1	1
CCCCCACACGAGCUCAAAGC	1.607006	1300	1	1	1	1
UCGACAAACAGGUAACCCCC	1.607006	1300	1	1	1	1
AAAGGAUCAGAGCCCCCCUC	1.607006	1300	1	1	1	1
AGCCCCCAUAUGCAAGUUCC	1.607006	1300	1	1	1	1
UUGUCGACCGUACCCCCUCC	1.607006	1300	1	1	1	1
GUCACUAUUCCCCCCAGUCG	1.607006	1300	1	1	1	1
AAACUACCCCCAAACAUGAA	1.607006	1300	1	1	1	1
GAUCCCCCCGUUAUCACGGG	1.607006	1300	1	1	1	1
CUUUAAAUCCUACCCCCCUU	1.607006	1300	1	1	1	1
UGCAUCCCCCAAUUUCGCUU	1.607006	1300	1	1	1	1
ACAACCCCCACUAUAUGGAU	1.607006	1300	1	1	1	1
CCCAGUAAAUCCCCCCUCAG	1.607006	1300	1	1	1	1
UAGCCCCCUGCACCAAACAU	1.607006	1300	1	1	1	1
AUUCCCCCGAAAUCUAGUUA	1.607006	1300	1	1	1	1
ACUUCCCCCAUAGCUUACAC	1.607006	1300	1	1	1	1
GAGACUCCCCCAAAAUGGAC	1.607006	1300	1	1	1	1
CUAAAUAUCCCCCACAUUCA	1.607006	1300	1	1	1	1
CGAAGCCCCCAUACGACUUC	1.607006	1300	1	1	1	1
CGCAGGACCCCCAUACGUAC	1.607006	1300	1	1	1	1
UAGCCCCCCAGGUCACAUUG	1.607006	1300	1	1	1	1
GAUUAUCCCCCCCCGGCAUC	1.607006	1300	1	1	1	1
GACCCCCCAACUUAUCUAUG	1.607006	1300	1	1	1	1
ACUAAAACAUAAAAACCCCC	1.607006	1300	1	1	1	1
ACUCCCCCGUCUAGAUCAAU	1.607006	1300	1	1	1	1
GGUGUGGUUACGCACCCCCG	1.607006	1300	1	1	1	1
ACGGGUACAGCCCCCAAUAA	1.607006	1300	1	1	1	1
CUCCCCCAAUGGAGACGAGC	1.607006	1300	1	1	1	1
UUUGCCCCCAUUAUGAUAUU	1.607006	1300	1	1	1	1
UGUUCCCCCACAAGACGCAC	1.607006	1300	1	1	1	1
AGAGCCAACCCCCAAGGAGA	1.607006	1300	1	1	1	1
AUACAAAUUUGCAUACCCCC	1.607006	1300	1	1	1	1
GGAAUUCCCCCCUCAACAAA	1.607006	1300	1	1	1	1
AAAUCUGGGCCCAUACCCCC	1.607006	1300	1	1	1	1
AACCUCCCCCUGAGAUGCUG	1.607006	1300	1	1	1	1
GAUACAACCUCUGAUCCCCC	1.607006	1300	1	1	1	1
UAUACCCCCGACAAAAUGCC	1.607006	1300	1	1	1	1
AAAUCCCCCGAUGUGAAUUC	1.607006	1300	1	1	1	1
GAUAUACCCCCUAAAGUAAU	1.607006	1300	1	1	1	1
AACAAACCCCCUCAACGCCU	1.607006	1300	1	1	1	1
CACUACCCCCAAGACUAUAU	1.607006	1300	1	1	1	1
UUCGUAACCCCCAAACGCCA	1.607006	1300	1	1	1	1
AUAGCCCCCAGGAGCACAUA	1.607006	1300	1	1	1	1
GUACCCCCACGGCCCAUAUU	1.607006	1300	1	1	1	1
GCUAAUCCCCCUAAUGACUA	1.607006	1300	1	1	1	1
AUACCCCCCUAACGAAUCUA	1.607006	1300	1	1	1	1
UGAUAUCCCCCAAUUCACAA	1.607006	1300	1	1	1	1
AAAGGAACCCCCUACAAAUU	1.607006	1300	1	1	1	1
AAUUAACACCCCCCAUAAUC	1.607006	1300	1	1	1	1
UACAACGUCGCCCCCCUUUC	1.607006	1300	1	1	1	1
GAAGUUGGCCCCCCCUUAUC	1.607006	1300	1	1	1	1
CUAAAGCUCCCCCAAUCACU	1.607006	1300	1	1	1	1
GAGAGUAACCCCCAUUAACA	1.607006	1300	1	1	1	1
AUUACCCCCUAAUUUAAGUG	1.607006	1300	1	1	1	1
AGUGCCAUAUCCCCCAAAUU	1.607006	1300	1	1	1	1
UAACUUUUCAACCCCCUAUU	1.607006	1300	1	1	1	1
UAAUUCGGGGCAAUCCCCCA	1.607006	1300	1	1	1	1
CAUACUCCCCCUAACUUAGU	1.607006	1300	1	1	1	1
AUAAACGCCCCCAGUAUACC	1.607006	1300	1	1	1	1
CCCCCAAACUAUGUCUAUUU	1.607006	1300	1	1	1	1
GAUCUUGACCCCCCACAAGA	1.607006	1300	1	1	1	1
UGUCCCCCGUGCUUGCAACA	1.607006	1300	1	1	1	1
CUUGCCUUCCCCCUGAUAUG	1.607006	1300	1	1	1	1
AACUAUCCCCUUCCCCCUAG	1.607006	1300	1	1	1	1
AGUAUGACAAUAUCCCCCCU	1.607006	1300	1	1	1	1
AAAACACUUUUCCCCCACAC	1.607006	1300	1	1	1	1
UUAUGCCCCCGAUAGAUAGC	1.607006	1300	1	1	1	1
UGACCUAGUGCUCCCCCUAU	1.607006	1300	1	1	1	1
GUAACCCCCUACAUCAGAUA	1.607006	1300	1	1	1	1
UUAGGCCCCCUGAAGUGCAU	1.607006	1300	1	1	1	1
UGAGGCCCCCAGUAUAACCA	1.607006	1300	1	1	1	1
GCCUUUUCAGGCGCCCCCAA	1.607006	1300	1	1	1	1
UGAGUUAGAGUGACCCCCGA	1.607006	1300	1	1	1	1
AAAAACCCAAUCAGUCCCCC	1.607006	1300	1	1	1	1
UGAGAGCGUAUUAGUCCCCC	1.607006	1300	1	1	1	1
CACACGGGUCCCAUCCCCCC	1.607006	1300	1	1	1	1
UAUAUGUCCCCCGCAACCUA	1.607006	1300	1	1	1	1
UGGACGGACUCUAGCCCCCC	1.607006	1300	1	1	1	1
UCUCCCCCAAAUUACGGGUA	1.607006	1300	1	1	1	1
ACCCCCACGCAACGAAACAG	1.607006	1300	1	1	1	1
AAUGCCCCCAUAUUAAAACU	1.607006	1300	1	1	1	1
CCCCCUGAGACGCCCCUACU	1.607006	1300	1	1	1	1
ACCGCAAUAAGCCCCCAAUG	1.607006	1300	1	1	1	1
GUUACCUUACGCGCGCCCCC	1.607006	1300	1	1	1	1
AGACCCCCUGCACACUAAGG	1.607006	1300	1	1	1	1
AAAAUCAAUCUCGCCCCCGA	1.607006	1300	1	1	1	1
UUAGGGAAAACUCCCCCUUC	1.607006	1300	1	1	1	1
AAAGACAGUGCCCCCUAUGC	1.607006	1300	1	1	1	1
UGAGCCCCCACUACACCCUC	1.607006	1300	1	1	1	1
UCUAUCUCCCCCCAAAGGAG	1.607006	1300	1	1	1	1
AGUUAGUAACGUGUCCCCCG	1.607006	1300	1	1	1	1
UAUCCCCCCAGUUCGUAAGG	1.607006	1300	1	1	1	1
UCUAAUUUGAAGACCCCCUU	1.607006	1300	1	1	1	1
UUCCCCCCUGGAGAGCUACC	1.607006	1300	1	1	1	1
UAAAUAAGCCCCCCACGUUG	1.607006	1300	1	1	1	1
ACGUCCCCCGCAUUAUAUCA	1.607006	1300	1	1	1	1
CCAACCUAUCUCCCCCCGAU	1.607006	1300	1	1	1	1
AGCACUAAUUACCAACCCCC	1.607006	1300	1	1	1	1
GUCUGACCUUCCCCCGUUGC	1.607006	1300	1	1	1	1
GUUACCCCCCACACGUUUAU	1.607006	1300	1	1	1	1
GAAGAUACACCUUGCCCCCA	1.607006	1300	1	1	1	1
GUCCCCCUAAAGAUCACCUA	1.607006	1300	1	1	1	1
GCAUAACCCCCUUGUUUCAA	1.607006	1300	1	1	1	1
UAGUUACCGCAUCUCCCCCC	1.607006	1300	1	1	1	1
CGGCUCCCCCCAUUACAGUC	1.607006	1300	1	1	1	1
AUGUAUCCCCCCCGACAACC	1.607006	1300	1	1	1	1
ACAUAGCGUCAAUCCCCCUC	1.607006	1300	1	1	1	1
CAGUAAUACCCCCUACCACG	1.607006	1300	1	1	1	1
CUAGCAGCGUAAACCCCCCA	1.607006	1300	1	1	1	1
AUUGUACCCCCACUGCCAGA	1.607006	1300	1	1	1	1
UUCUAAGAUGCCCCCAAAUA	1.607006	1300	1	1	1	1
CCGCAAGCGCCCCCGGCAUA	1.607006	1300	1	1	1	1
GUAAACCCCCUACUAUAUAG	1.607006	1300	1	1	1	1
GAACGUCGCCCCCCUUGCGU	1.607006	1300	1	1	1	1
CUUUGCCAACCCCCUUUUUG	1.607006	1300	1	1	1	1
UGCUCCCCCGAUUCAAGUGA	1.607006	1300	1	1	1	1
CAGAUCCUCACCCCCAAAAG	1.607006	1300	1	1	1	1
GUUGCACUUGCCCCCCAAUC	1.607006	1300	1	1	1	1
AUCCCCCGAAUUAAAAGUCC	1.607006	1300	1	1	1	1
AUGUACAUCACCCCCCAAGU	1.607006	1300	1	1	1	1
CUUAACCGAUCCCUACCCCC	1.607006	1300	1	1	1	1
UGUCCCCCUAGGGCAUACCC	1.607006	1300	1	1	1	1
AUUCCAUCCCCCGUCCAUUC	1.607006	1300	1	1	1	1
UUGGGACACCCCCAGGACAA	1.607006	1300	1	1	1	1
ACCCCCUACAUCGGUUAGAU	1.607006	1300	1	1	1	1
GCCCCCUCAUGCAGUCACCG	1.607006	1300	1	1	1	1
GACGGACUUAUCGGCCCCCU	1.607006	1300	1	1	1	1
AAGGCCCAUUUACCCCCGCG	1.607006	1300	1	1	1	1
UCAUUAUUACCCCCGAUAAU	1.607006	1300	1	1	1	1
AAUCCUCCUAUCCCCCUGUA	1.607006	1300	1	1	1	1
ACCCAUACAAUCCCCCCAUC	1.607006	1300	1	1	1	1
UUUCCCCCGUUUAUACCGCA	1.607006	1300	1	1	1	1
GAGUCCCCCCUUAAGAAACA	1.607006	1300	1	1	1	1
ACUACCGCUAACCACCCCCU	1.607006	1300	1	1	1	1
CAUUGUCCCCCCGAACUUAU	1.607006	1300	1	1	1	1
AUGAUUCUCCCCCAUUAGAA	1.607006	1300	1	1	1	1
CAAGUUGUAUCCACCCCCCC	1.607006	1300	1	1	1	1
AACCCCCUCAUAAGUUCGUA	1.607006	1300	1	1	1	1
CUUGCAUGUUCCCCCUGCUC	1.607006	1300	1	1	1	1
UCGGAGCGCCCCCAUCUUUU	1.607006	1300	1	1	1	1
GUUCUAUGAUGUACCCCCAG	1.607006	1300	1	1	1	1
AUUAGUCCCCCAUUAGAAAG	1.607006	1300	1	1	1	1
AUCUUGUACCCCCAUAAGAC	1.607006	1300	1	1	1	1
CGUACCCCCAAUACAGAUAC	1.607006	1300	1	1	1	1
AAGGAUAGCCCCCGAGCUAA	1.607006	1300	1	1	1	1
AACCCCCCGAAUGGAAAUAC	1.607006	1300	1	1	1	1
AAACCAACUUAAUCCCCCUC	1.607006	1300	1	1	1	1
UUCCCCCAUAUACGUAGCAA	1.607006	1300	1	1	1	1
CAUGAUUAAACUCGACCCCC	1.607006	1300	1	1	1	1
ACAUAUCCCCCCUACCGCAA	1.607006	1300	1	1	1	1
GCGAUAGCCCCCAUUGACCA	1.607006	1300	1	1	1	1
UAACUAACGCGUUCCCCCCA	1.607006	1300	1	1	1	1
CAUACAAAUUCCCCCUAAGG	1.607006	1300	1	1	1	1
GACCCCCCAAUACUUGAACA	1.607006	1300	1	1	1	1
UUUGCCCCCAUACCAGAUUC	1.607006	1300	1	1	1	1
UGAUUGACCAUAUUCCCCCG	1.607006	1300	1	1	1	1
AAACCCCCAUCACAUGCCAU	1.607006	1300	1	1	1	1
GUCAGCCAUGACCCCCACUU	1.607006	1300	1	1	1	1
UCUUAACCCCCGAGCGUAUC	1.607006	1300	1	1	1	1
AAGGGUUACCCCCCGAAAUU	1.607006	1300	1	1	1	1
UAUACCCCCAUCUCGCACGA	1.607006	1300	1	1	1	1
ACGACCCCCAGUGCUUAACC	1.607006	1300	1	1	1	1
ACAUGCCCCCAGCAAGUUUU	1.607006	1300	1	1	1	1
GAUCCCCCUUGAGCCUAGUG	1.607006	1300	1	1	1	1
CAUGGAAAUUAUCCCCCUGC	1.607006	1300	1	1	1	1
ACUCCCCCUCCCAGUCAGUA	1.607006	1300	1	1	1	1
UGCCCCCAACUAGCGUGAAA	1.607006	1300	1	1	1	1
AUUCCAGACCCCCGUCCAUC	1.607006	1300	1	1	1	1
UAAUGACAUGCCUUCCCCCG	1.607006	1300	1	1	1	1
UGAAACCGUUAUACCCCCGA	1.607006	1300	1	1	1	1
AAUUCCCCCAGUGCUGACUG	1.607006	1300	1	1	1	1
CCCAACUACAUUCUCCCCCC	1.607006	1300	1	1	1	1
ACUACAUAACUUCACCCCCC	1.607006	1300	1	1	1	1
CUUGUACCCCCCAGCGAACG	1.607006	1300	1	1	1	1
CACUAGCUAACCCCCUAUGG	1.607006	1300	1	1	1	1
UAGCAUAAGUAUAUCCCCCG	1.607006	1300	1	1	1	1
CUAUCUAAGCCCCCCAUAUC	1.607006	1300	1	1	1	1
UUUGACCCCCGCAAUUUCUU	1.607006	1300	1	1	1	1
AGCCGAUAAGUGAAGCCCCC	1.607006	1300	1	1	1	1
UGAAGCUACCAUGCGCCCCC	1.607006	1300	1	1	1	1
AUGUUCCCCCACGGGUGGCC	1.607006	1300	1	1	1	1
AUAAUCCCUAUCCCCCUCGC	1.607006	1300	1	1	1	1
UGCCCCCUAUUGGUUUUUAA	1.607006	1300	1	1	1	1
GAAACCCCCCUAAGUUUCGC	1.607006	1300	1	1	1	1
CACCCCCAGGCUUACACGAA	1.607006	1300	1	1	1	1
CAAGUGUAUCACCCCCUUCC	1.607006	1300	1	1	1	1
UUAGACAAUCCCCCUACAGG	1.607006	1300	1	1	1	1
ACCACCCCCACUACCAAGAG	1.607006	1300	1	1	1	1
CACAUCCCCCACGCUAGUCA	1.607006	1300	1	1	1	1
GGAAUGGUCCCCCACGUCUC	1.607006	1300	1	1	1	1
ACUUACAUCCCCCCAUGAGA	1.607006	1300	1	1	1	1
GCCAACAAUUUGAGACCCCC	1.607006	1300	1	1	1	1
UAUAAUGGUGGGAACCCCCG	1.607006	1300	1	1	1	1
CCUUCCCCCGCCUUGAACCU	1.607006	1300	1	1	1	1
UGCAUCCCCCCUCAUCAUAA	1.607006	1300	1	1	1	1
UGAGAUAUAUAAACCCCCAG	1.607006	1300	1	1	1	1
AUUCACUUUAGGCCCCCUUU	1.607006	1300	1	1	1	1
GAACCCCCUAACAAUAUUAC	1.607006	1300	1	1	1	1
ACAGCCCCCUAUAUAACCGU	1.607006	1300	1	1	1	1
GAAACGACCUACCGCCCCCA	1.607006	1300	1	1	1	1
GCUCUAGGCCCCCAAACCUG	1.607006	1300	1	1	1	1
CUGUCCCCCAUAACAUAAAA	1.607006	1300	1	1	1	1
CGUGUUUUAUCCCCCUAUAG	1.607006	1300	1	1	1	1
UAGUUCCGAUUGAAGCCCCC	1.607006	1300	1	1	1	1
UUGCGUCCCCCACUCGUACA	1.607006	1300	1	1	1	1
AGUCUCCCCCACUUAGUCGA	1.607006	1300	1	1	1	1
CCCCCUGGGUUAUGUGAGGC	1.607006	1300	1	1	1	1
UAGAUAUACCCCCAAAGAGC	1.607006	1300	1	1	1	1
CGGUUCAGCCCCCACGAAGG	1.607006	1300	1	1	1	1
CCGAAAGCCCCCUUCGAAUA	1.607006	1300	1	1	1	1
GGUUUCCCCCCACGAAGACA	1.607006	1300	1	1	1	1
AAAUAGCCCCCUCCGUAAAG	1.607006	1300	1	1	1	1
GCUGGUAACUUCGCCCCCAA	1.607006	1300	1	1	1	1
AUUUAAUGUAUAAGCCCCCC	1.607006	1300	1	1	1	1
CGCCAUUCCCCCUGUCUUAG	1.607006	1300	1	1	1	1
AUAUCCCCCCCUUUCGGUAA	1.607006	1300	1	1	1	1
UUAUUAUCCCCCGGUUAAGU	1.607006	1300	1	1	1	1
UUGAAACCCCCCACGCGAAA	1.607006	1300	1	1	1	1
UCUACAGGAAACCCCCCUAU	1.607006	1300	1	1	1	1
UUACCCCCGUACACAGCGUU	1.607006	1300	1	1	1	1
CAAUAAGUCCCCCUGCGAGA	1.607006	1300	1	1	1	1
ACAGAUCACAGCCCCCCAUC	1.607006	1300	1	1	1	1
CAAAACUUAUGAACCCCCUU	1.607006	1300	1	1	1	1
AGGCCCCCCAUCUAUGGAAC	1.607006	1300	1	1	1	1
CCCACAGCACUUCUUCCCCC	1.607006	1300	1	1	1	1
GCAACACCCCCGAAUACCAC	1.607006	1300	1	1	1	1
CCCCCCUAGAAAGACUGAAG	1.607006	1300	1	1	1	1
GUAACCCCCCUAUAAAGACA	1.607006	1300	1	1	1	1
CGCAAACAUUACCCCCAACU	1.607006	1300	1	1	1	1
GCCCCCAAACUAGUUUAAUA	1.607006	1300	1	1	1	1
UUUGGUGUUCCCCCAGUCGA	1.607006	1300	1	1	1	1
UGCAUCAUACCCCCCGACAC	1.607006	1300	1	1	1	1
CCACAGCCUCCCCCACCCGG	1.607006	1300	1	1	1	1
AUACCCCCUCCGAUACGUGG	1.607006	1300	1	1	1	1
UUACACCCCCAUUUCGUUUG	1.607006	1300	1	1	1	1
GUAACCCCCAUAAGUUGCGC	1.607006	1300	1	1	1	1
UACCAACCCCCUCGCAAACA	1.607006	1300	1	1	1	1
UAUUGCCCCCAAACAAUCCU	1.607006	1300	1	1	1	1
ACCCCCCAGCUCGUUGCGAA	1.607006	1300	1	1	1	1
AAUACCGUGCAUGGCCCCCA	1.607006	1300	1	1	1	1
GCCAACAGCCCCCUCGGAAG	1.607006	1300	1	1	1	1
ACAGGACCUUUACCCCCGAU	1.607006	1300	1	1	1	1
AUAUUUCCCCCAUUGUCCUU	1.607006	1300	1	1	1	1
CUUUACCCCCUAGAAUAGGA	1.607006	1300	1	1	1	1
ACCCCCAGUAUAAACGCAGA	1.607006	1300	1	1	1	1
CUAAAGCCCCCGCAGGCUAG	1.607006	1300	1	1	1	1
AUCCCCCAGGUAAACACGUA	1.607006	1300	1	1	1	1
AUCAACAACCCCCUUACAAG	1.607006	1300	1	1	1	1
AGGAUUUACCCCCUCAGAAC	1.607006	1300	1	1	1	1
AUAAAACCGACAGCCCCCAU	1.607006	1300	1	1	1	1
GAUUUCUUCAACCCCCCCAA	1.607006	1300	1	1	1	1
UGAAAGAGACCCCCAAGAUG	1.607006	1300	1	1	1	1
UUAUAUUCUGACUAGCCCCC	1.607006	1300	1	1	1	1
AAUUGACCCCCGGUGCCUAA	1.607006	1300	1	1	1	1
CCCAAAUAACCAGCUCCCCC	1.607006	1300	1	1	1	1
UUGCCCCCACUUAUAAUGGC	1.607006	1300	1	1	1	1
ACGUUCCCAUUACCCCCGUG	1.607006	1300	1	1	1	1
UUGAUUCUGGAACCCCCGGA	1.607006	1300	1	1	1	1
UAUGUUACUUGCCCCCUCCG	1.607006	1300	1	1	1	1
ACCCCCAUAAAUUUUAAGCC	1.607006	1300	1	1	1	1
UUGCUGUAUGUCCCCCAGUA	1.607006	1300	1	1	1	1
CUCCUCAUAGUCCCCCCUAA	1.607006	1300	1	1	1	1
UAAUGAGAAUCCCCCAUGGU	1.607006	1300	1	1	1	1
AGCCCCCUAAGAACUCACCU	1.607006	1300	1	1	1	1
UUAUUACACUCCCCCUAAUC	1.607006	1300	1	1	1	1
GCCAGGAAUGUCCCCCCGAU	1.607006	1300	1	1	1	1
AACAACAGACCACACCCCCA	1.607006	1300	1	1	1	1
CGACCCCCAAAACUCCUCUG	1.607006	1300	1	1	1	1
CGCCCCCAAAUGAUGAUGGU	1.607006	1300	1	1	1	1
ACGUUGUACCCUAUUCCCCC	1.607006	1300	1	1	1	1
AUGAUUGCUCCCCCACUAGC	1.607006	1300	1	1	1	1
CUAUGCCCCCAGGCUGUAUA	1.607006	1300	1	1	1	1
ACCCCCGUACUCUUAAGUAA	1.607006	1300	1	1	1	1
CACCCCCGUAUACCAAACGA	1.607006	1300	1	1	1	1
AAUACCCCCGAGUAAACCCC	1.607006	1300	1	1	1	1
GACAUGCUUCCCCCCUAGCU	1.607006	1300	1	1	1	1
AAUAUAUUACUAUUCCCCCA	1.607006	1300	1	1	1	1
CCACAAAUCCCCCAGGCCUA	1.607006	1300	1	1	1	1
CACAAAAUUGUCCCCCUGCA	1.607006	1300	1	1	1	1
UAUAAAGCACGACUCCCCCU	1.607006	1300	1	1	1	1
GCCAAGUAACAAUCCCCCAG	1.607006	1300	1	1	1	1
UUCCCCCUCCGGUGGUGUAU	1.607006	1300	1	1	1	1
CCACACUAUUUCCCCCCCAU	1.607006	1300	1	1	1	1
GACGGUCUGAAACCCCCCAC	1.607006	1300	1	1	1	1
CCCCCAAUCUCUUAAGGCAA	1.607006	1300	1	1	1	1
GUUGCAGUUUAUGCCCCCCU	1.607006	1300	1	1	1	1
ACGAAUCCCCCACGAUCAAG	1.607006	1300	1	1	1	1
ACGACAAUGCAUGCCCCCUA	1.607006	1300	1	1	1	1
CAUAAUCCCCCAUAUGUCGU	1.607006	1300	1	1	1	1
GACCGAACCUAACCCCCACA	1.607006	1300	1	1	1	1
UUUACCCCCUGGGUAAUCAU	1.607006	1300	1	1	1	1
AAACAACGCGUAGCCCCCCC	1.607006	1300	1	1	1	1
AAACCCCCUUCGAAAUUAGU	1.607006	1300	1	1	1	1
UACAGAAAAAUUGCCCCCUU	1.607006	1300	1	1	1	1
CAGAUCACAGCUACCCCCAG	1.607006	1300	1	1	1	1
GAACAGGCCUCCUAUCCCCC	1.607006	1300	1	1	1	1
CACCCCCAAUAAUGCAACCC	1.607006	1300	1	1	1	1
GCAAGCAUUGAAGCCCCCAG	1.607006	1300	1	1	1	1
CAAGGAGACAGUCCCCCACG	1.607006	1300	1	1	1	1
AAAGUCAUAUCCCCCGUAUA	1.607006	1300	1	1	1	1
UCGACUCCACCCCCAAUAAC	1.607006	1300	1	1	1	1
UAUACCCCCGCAUAGCAGUA	1.607006	1300	1	1	1	1
UUAUACUACACACCCCCCCU	1.607006	1300	1	1	1	1
UAAGCCCCCAAGUGGUUUCG	1.607006	1300	1	1	1	1
GAUCCCCCUUUUAAAAGAGC	1.607006	1300	1	1	1	1
CACGUUAUAAUAAACCCCCA	1.607006	1300	1	1	1	1
CACUAAGACCACCCCCACUC	1.607006	1300	1	1	1	1
CAGCAUCUAUUCCCCCCUAC	1.607006	1300	1	1	1	1
GUGGGGAAAGCCCCCUGCAG	1.607006	1300	1	1	1	1
GAUGCCCCCUCCAUAUCAGC	1.607006	1300	1	1	1	1
CCUGUCGCAUUUACCCCCAC	1.607006	1300	1	1	1	1
UUAAUUAAAACCCCCUGGUA	1.607006	1300	1	1	1	1
GCUGAACAUUAGCCCCCAGC	1.607006	1300	1	1	1	1
GAGACUAACAAUACCCCCGA	1.607006	1300	1	1	1	1
CGAGUGCAAGAGCCCCCAAU	1.607006	1300	1	1	1	1
AAUCACUAGCCCCCUCAGAU	1.607006	1300	1	1	1	1
UCUGGACCCCCCCAGAGUCC	1.607006	1300	1	1	1	1
CGAGUUCCGUAGCUGCCCCC	1.607006	1300	1	1	1	1
ACACCCCCCAGAACACUUAC	1.607006	1300	1	1	1	1
CAUGUUUACGCACCCCCGAU	1.607006	1300	1	1	1	1
CGAUGAAUGGACCCCCUCGC	1.607006	1300	1	1	1	1
AUCAACUUUUUCCCCCACUC	1.607006	1300	1	1	1	1
GAGCCCCCCUCUGAGACCUC	1.607006	1300	1	1	1	1
CAAUCCAGUACCCCCAAGAU	1.607006	1300	1	1	1	1
UAUCUAAUGUCCCCCUCGUA	1.607006	1300	1	1	1	1
CCAUAACGCCCCCAUCAAUC	1.607006	1300	1	1	1	1
ACCACGACCCCCACGCAGCU	1.607006	1300	1	1	1	1
AUCCCCCUCAACAUGUCACA	1.607006	1300	1	1	1	1
UCUUCCCCCCCAAACCGCAG	1.607006	1300	1	1	1	1
UCAUAGCGGCAUUUCCCCCU	1.607006	1300	1	1	1	1
UGGAAACCCCCUACCAUAAG	1.607006	1300	1	1	1	1
CUCAAUAUCCCCCUGCCUGG	1.607006	1300	1	1	1	1
AACCCCCCCAACCCGGACAU	1.607006	1300	1	1	1	1
UACACUCCCCCAACCUUCCG	1.607006	1300	1	1	1	1
AUACAGGCAAGACCCCCUUA	1.607006	1300	1	1	1	1
AGAGCAUGUCCCCCUCUAGU	1.607006	1300	1	1	1	1
AAAUGAAACCCCCACCUCCA	1.607006	1300	1	1	1	1
UUGUCUGUACCCCCAUAAUA	1.607006	1300	1	1	1	1
ACAUACCCACCCCCUGGCCA	1.607006	1300	1	1	1	1
GAAUAAGCUACCAGACCCCC	1.607006	1300	1	1	1	1
GAGUCACUACUUAGCCCCCC	1.607006	1300	1	1	1	1
GCUCCAAGUCCCCCUUUAUA	1.607006	1300	1	1	1	1
ACUAUACCCCCAUUACAACA	1.607006	1300	1	1	1	1
UGACAAAUGAUUUGCCCCCC	1.607006	1300	1	1	1	1
CACGGUCCCCCUUUCGACAA	1.607006	1300	1	1	1	1
AUUGGAGCAUCACCCCCACA	1.607006	1300	1	1	1	1
AGUCAAUCCCCCCAACCAGU	1.607006	1300	1	1	1	1
AGAGUGCUGUGAGGUCCCCC	1.607006	1300	1	1	1	1
GUUGUACACUUUUGCCCCCA	1.607006	1300	1	1	1	1
ACUAAAGUCCCCCCAUAGUA	1.607006	1300	1	1	1	1
AUCGCCCCCCACAUAGUAGA	1.607006	1300	1	1	1	1
CUCCCCCUGCAUGAAUUAAU	1.607006	1300	1	1	1	1
GCAAAGCCACCCCCCAGGAU	1.607006	1300	1	1	1	1
GAACACAAGCGGAUCCCCCA	1.607006	1300	1	1	1	1
CCACCCCCAUACAAAAGGCU	1.607006	1300	1	1	1	1
AUUUUGAGCAUUAUGCCCCC	1.607006	1300	1	1	1	1
UCCCCCACAACAAGGAUCCU	1.607006	1300	1	1	1	1
AAGCUCAUAACGUGCCCCCA	1.607006	1300	1	1	1	1
AUUUUCAAUUGCCCCCCGAU	1.607006	1300	1	1	1	1
GUAAUCCACCCCCUGUUAGG	1.607006	1300	1	1	1	1
UAGACCCCCUUCUAAUCGAU	1.607006	1300	1	1	1	1
CAAGCCCCCAGAUGUCUUCU	1.607006	1300	1	1	1	1
UUUCCUCCCCCGGUAUGGCG	1.607006	1300	1	1	1	1
GUUGCCCCCUAGGAACGCUG	1.607006	1300	1	1	1	1
UAUUAUAAUUACCCCCUCCU	1.607006	1300	1	1	1	1
GCUCUACCCCCAUACGUUAA	1.607006	1300	1	1	1	1
GACGCGUCCCCCCGUUUGUG	1.607006	1300	1	1	1	1
UACUUGCCCCCAGUUCGUUC	1.607006	1300	1	1	1	1
GUCAAUGCCCCCUAACGGAC	1.607006	1300	1	1	1	1
AGCAUAUAAUACCCCCCACA	1.607006	1300	1	1	1	1
AACCCCCACACUUGUGAUCC	1.607006	1300	1	1	1	1
CCUAUUCCCCCCGAAGAACA	1.607006	1300	1	1	1	1
UACCUAACAAACCCCCGACG	1.607006	1300	1	1	1	1
ACGACCGAACCCCCUUCUGC	1.607006	1300	1	1	1	1
UGGCCCCUACCCCCAGGAUA	1.607006	1300	1	1	1	1
GAAGUAACCACCCCCAAAUC	1.607006	1300	1	1	1	1
UCCCCCUAGAGAAUGAGCUU	1.607006	1300	1	1	1	1
UCCCCCAGCAUAACGUAUGU	1.607006	1300	1	1	1	1
AGCGAAAUCAUCAAGCCCCC	1.607006	1300	1	1	1	1
UCAUUUCCCCCCGGGCCGCA	1.607006	1300	1	1	1	1
GGGAUGACCCCCCCCUCCGU	1.607006	1300	1	1	1	1
GUUUUCCGAGAAGCCCCCAC	1.607006	1300	1	1	1	1
AGCCCCCCAACGUAAGGAAU	1.607006	1300	1	1	1	1
UAAUACAGCCCCCAAAUGUC	1.607006	1300	1	1	1	1
AUACUUCCCCCAAAACUGGC	1.607006	1300	1	1	1	1
UUAAGCCCCCUUCCUUUACU	1.607006	1300	1	1	1	1
UAUGGAAAUAUAAAUCCCCC	1.607006	1300	1	1	1	1
